mean,scale
965.4027777777778,967.6677782379153
966.581746,967.6390911790944
790.4428880418991,1877.9881315171265
46.35322837493433,91.82136645
29.243466187369094,61.00343904033965
24.480865624721652,52.38553041143632
22.033906902829553,48.21925883886156
20.41793667656749,45.38206316537845
19.245621485085877,43.32588873117213
18.322220880354326,41.58216571644645
17.567659902129908,40.181138372256015
16.90697841245779,38.82773350702109
0.097096853,0.251377998
0.11521142960316301,0.2910494074245992
0.1277895751877245,0.3193975091554629
0.13818485474919864,0.34301930168632133
0.14750856131270698,0.3643348316669191
0.1563255401570002,0.38477161235034496
0.1649143319746838,0.4052101302025794
0.17366829589026594,0.42658398063505304
0.18263377710463488,0.4490877621707634
0.19203961677467823,0.47363663256027283