0,1,2,3,4,5,6,7,8,9,10,11,12,13,14,15,16,17,18,19,20,21,22,23,24,25,26,27,28,29,30,31,32,33,34,35,36,37,38,39,40,41,42,43,44,45,46,47,48
0.6964804,-0.35124862,-0.03202887,0.031367052,0.7500709,-0.59170073,-0.2491005,-2.473629,1.178005,-1.5810815,1.9882084,-0.07975246,-0.13619795,-1.8954105,0.44088492,-0.88761157,-0.3629047,-1.1618663,0.3057487,0.61004114,-0.38379103,1.5481315,-0.26041892,0.33109573,0.26084194,0.29878753,-1.1871783,1.1391127,0.30804396,-0.91819966,-0.08343019,-0.9338546,-2.950573,-0.31418625,-0.26256263,-1.0196711,-0.05709092,-0.5144749,-0.33336836,1.3090719,-0.29925218,-0.81332994,-0.40999547,1.111133,-0.26352328,-0.78601825,-1.66672,0.07554205,0.45552206
0.6139683,-1.7159312,-1.7416798,0.5565274,-0.18174928,2.0441093,-0.30201358,4.599402,-0.05943484,-0.007932484,-6.9154716,0.081163004,2.1297352,-2.626279,1.3771203,-1.0500613,0.21329205,-0.18397646,0.629624,-0.44370022,-1.7664174,-1.2418662,0.31186816,-3.8714674,-3.7995918,-0.44920254,-6.575498,-2.672985,-1.9581453,1.0782458,-4.0099316,-0.9601167,-3.0781305,0.41434607,-0.74225384,1.4894471,-0.11325989,-1.2687602,-3.3593366,-0.81953317,-0.5874958,-0.82589954,1.5548462,0.31152964,0.42884853,0.9113843,1.2077717,0.7846079,0.012015603
0.11045051,3.4458199,0.35191035,0.15343566,0.3747737,-2.223188,0.3653483,2.4509614,-0.23652264,-0.5204101,3.3444457,0.009335417,-1.3369304,1.4748938,-5.8867836,-6.250036,-0.23413217,0.24870759,-1.657071,1.1809856,0.3223459,0.13144998,-7.3419104,-1.8872762,-2.1762035,-0.19041552,1.9524262,1.3168118,-1.5914868,-0.39103636,0.8906091,1.3719006,1.3953015,-0.5373629,1.3827047,1.8591895,1.1716065,-0.26258639,-0.291444,-0.23985119,-12.608382,-2.7310963,-4.143994,2.551533,-0.013316529,-0.7251076,-0.6415021,1.9449089,2.0029383
-1.5596474,-0.83920276,-0.015039939,-0.18632655,0.0669197,2.1051204,0.72809494,2.0422566,0.9291201,-2.2730398,3.5235445,-0.15989149,-0.8060202,-1.1858563,0.75730866,0.43915248,0.38495615,-0.3753066,0.4511059,1.5246435,1.2168005,-1.0891187,0.63284117,1.6363914,-1.2481962,0.95549995,-2.3375986,0.70598406,-0.74800056,-1.5001014,0.76242363,-0.13308327,1.4947382,-2.0573432,1.1797265,0.7378866,-1.4985226,1.908948,0.06774515,-0.15975474,-0.54984623,-2.5716763,-2.5723047,-1.2554396,0.2089223,0.8300419,-0.72839314,-0.5326372,-3.3480635
1.6070079,1.4169676,-3.111296,-0.28562433,-0.06943137,0.62135893,-5.364445,-7.4281344,0.3831135,-0.1798429,-0.4028061,0.23250663,4.1056805,-2.791642,-4.4159245,-1.0027702,-1.1219997,-0.06728678,0.83539677,-0.25662595,1.282749,-1.4399912,-0.54721415,0.8800167,-3.7802618,-3.8385346,1.752313,-6.357978,-0.35415533,-1.6431987,0.82140654,-1.3449218,1.4816375,0.94593704,-1.5047946,-1.7338825,-4.606288,-5.2397165,0.65876323,-2.639066,0.6548372,0.59188646,-7.326754,9.3871,0.50620127,1.186078,-0.9747731,-2.138268,1.6875001
-0.37123796,-1.7835912,1.5015897,-0.026950369,-0.159168,0.34178358,1.0181291,-2.5553122,1.2384762,-1.2285302,2.0139668,-0.05114674,0.13398324,0.08158652,0.3005131,0.28696886,-3.4718466,-0.16670647,-2.459922,-0.9056257,0.94036484,-0.05166402,0.16251194,0.2637577,-4.1940365,0.28616583,-0.47684824,-0.014909048,0.18048243,-0.8668587,-0.31305325,-0.4791238,0.15933432,-2.387828,1.5906959,-2.2435439,-0.48947906,-3.1215017,1.8217635,-0.092884324,-0.43266052,-1.036173,-4.076354,-9.462939,0.03337456,1.1294438,-0.5416285,-1.0727848,0.100078814
-0.20501308,0.3224456,-0.53271425,-0.19366255,-0.34022617,0.5701622,-0.21828106,3.721662,-0.3180709,0.41329578,0.5013945,0.08061899,0.5875308,-0.5325692,0.1247287,1.0331291,-0.09271079,-0.74000704,0.2032268,0.09785032,0.76395345,0.4829589,-0.66583836,1.2067802,0.11498744,-0.04145572,-1.0022508,0.20042497,-0.43159282,0.23875621,-0.489753,-1.7061675,-0.9802881,-1.7049698,-0.46873963,0.026490025,0.21391162,0.48914513,-0.27254635,-0.6864761,0.5946511,-0.92249805,0.012133674,0.32965255,-2.6642306,0.112626456,-0.44454017,-0.75432384,-0.21710233
0.43108615,-0.53691393,0.7685171,-0.018328916,0.43314072,1.4081904,0.46987745,0.55862653,-0.89913726,0.04896378,1.1488451,0.23085552,-1.6139811,-1.0746981,-0.6859007,1.4179163,1.4389641,0.13357209,0.60231555,0.23967761,-0.9239891,0.24576762,-0.9017832,0.08511827,0.036914535,-0.70776576,0.719225,-0.36870798,-1.3709551,-2.0355248,0.31347513,-1.3090652,-2.8583229,-0.875594,-0.95912504,-1.4358866,0.44180262,0.52345484,-0.13060498,-1.3146042,0.07590762,-0.22043467,0.47671497,0.04193572,-0.16658528,1.7359976,-0.46256018,-1.2416148,0.9858086
-0.3941118,1.7340658,-1.0652997,-0.03852277,0.062519275,0.28255817,0.4489672,4.7312307,-0.12248317,0.35161996,-0.9944246,0.08474126,-0.31002352,-0.65651745,-6.002919,-3.9632978,1.1597276,-0.13029908,-0.011840963,-0.008415392,1.1138372,-0.07866208,-2.208095,-0.025639351,-1.9393542,0.1022529,-4.4925833,1.122937,0.27226037,-4.022431,0.053540055,-2.812151,0.92324865,-1.8824862,-5.9320188,1.6979592,-1.4710311,1.2911899,0.2545034,-2.3308125,-0.42952126,0.04359076,1.6684005,10.777409,-0.59741765,-0.5176452,-0.9469457,0.76760155,0.41121814
0.79232603,1.461807,0.18861277,-0.35879943,-0.09513105,-2.8354034,-0.17923383,-3.3749793,2.0694103,-0.36651427,0.26592362,0.019132111,2.727163,-0.76278955,-0.05874524,-3.7570322,-1.465741,0.1072903,-4.750074,-0.17503028,-2.049209,0.48474574,-5.2834253,1.499554,-1.2282711,-0.014439039,-0.26507655,-0.5729635,-1.5205204,-2.5647645,-0.70479554,1.9395852,-4.921623,-4.15533,0.76303136,-0.38808975,0.29947773,-1.288752,-0.014481651,-0.4102927,1.0703132,-1.8553548,-2.6139145,-1.546414,-0.09542062,-1.0522903,-0.43908334,-0.13480364,0.05262456
0.22621131,0.07867032,0.27023312,-0.57925826,-1.3302627,0.0259684,-0.12032495,-0.24657837,-0.0657749,-0.14522107,-0.1670135,0.05555746,-0.17974365,0.088086516,0.0842593,-0.3605033,-0.06047771,7.9970737,-0.16086413,-0.3432384,-0.32990128,0.41038746,0.73549473,-0.23576583,-0.37619555,-0.03132765,0.22198193,-0.17784283,0.7830656,-0.070649,0.18531132,0.12983932,0.1972226,0.10136937,0.4773808,0.43095902,0.23910594,0.111878365,-0.28564855,0.08066262,-0.21680874,-0.037324056,-0.16890936,0.19387823,-3.877928,-0.036596894,0.09946294,-0.2155978,0.3164101
-1.1408155,0.24012674,1.7380543,0.083155245,0.019168455,-0.44702733,1.0940254,1.0405918,-1.8725826,0.5529634,1.3999939,-0.06630563,-0.5184637,-1.0887903,2.442515,-0.38985234,2.1351767,-0.18763916,-10.148117,0.75859815,-2.2380996,-0.8256749,-0.6049446,0.97807163,0.22371373,-0.29378924,1.8963372,-1.5882589,-1.4495099,-0.272919,0.41834182,-1.1103566,-0.84249365,-0.7073168,-0.4167245,2.954716,0.16462913,1.3480365,-4.0005126,-3.048781,0.23370945,-0.6385529,-0.044945136,0.1309721,0.32110527,-1.0317894,-3.0052793,0.74409115,1.7274514
0.028588843,0.031345874,-0.071802996,-0.25580487,-1.0857537,-0.08787742,0.18681979,0.39004177,-0.315016,0.010036325,-0.17089027,0.3503128,0.26674512,-0.53212273,-0.27085176,0.09696006,-0.15378182,-7.8078513,0.11229915,-1.2042944,0.03652968,0.5230038,0.054089587,0.29316399,-0.022724362,0.10120208,-0.84409213,0.05888508,-0.35136577,-0.11120168,-0.34054556,-0.00795094,-0.6262337,0.04183626,-0.1744312,-0.14894971,0.28204006,0.1418656,-0.21909943,-0.024204096,0.117197394,0.13503212,0.025835909,-0.049360536,-5.0435834,0.9484679,-0.05394661,-0.18050265,0.13060388
0.112303436,-0.45885125,0.2438036,-0.12817168,0.85254633,-0.17301303,-0.10624874,0.6052403,-1.2908404,0.02185243,0.8167971,0.05662353,1.6734477,0.7567961,0.06906525,0.25676706,-0.5552801,0.88492477,-0.2596115,0.0037846933,0.04616853,-1.9331933,-1.1229596,-1.1146271,-0.49847594,0.3603386,-0.048403796,0.0030837501,-0.37484282,-0.6687004,-1.5885869,-0.19418448,-0.60230666,0.49156708,-0.41099447,0.87756926,-3.5584133,-1.0137278,-0.13370809,0.8349638,-0.21997152,-0.36637464,-1.1493855,1.0076219,0.4237433,-1.3028883,0.91286254,-0.33895385,-0.7252685
0.13012524,-0.3985819,-0.03192355,-0.097935185,-0.008687481,0.25820494,-0.015034753,-1.9536419,-0.2782207,-0.31792665,0.28050497,-0.0046892255,0.49553427,-0.34528413,0.062974386,0.43065935,0.4016062,-0.057879217,-0.4523924,-1.3024869,-0.36997452,0.27931088,-0.68504614,-0.14233264,-0.060324397,-2.210343,0.114989646,-0.086786486,0.27923146,-0.4136848,0.36944562,0.1380576,-0.49952018,-0.20185181,-6.778601,-0.464413,0.20006911,-0.37011492,0.068749264,0.40851858,-0.14635152,-0.5182659,-0.26018634,0.102712736,-0.11074983,0.113416374,-0.43924206,0.17154802,-0.32850596
-0.10874988,-0.56499696,-3.5052369,0.13824564,0.08274638,1.7082272,1.1307828,6.5467205,0.7398725,-4.197045,-1.3839178,0.1875444,2.7433932,-0.835657,3.3282146,-0.5909607,3.0243223,-0.2401447,-2.6374772,-0.77407825,-1.1178466,1.4046615,-4.904778,1.7570151,3.12623,1.1267835,-0.78991723,1.1775678,0.21790165,-2.6098247,1.7173783,-2.3994389,0.5676736,-5.067927,-5.398099,3.8286622,-2.6314387,-0.26186123,2.0737436,-0.2870644,0.26253143,0.68450314,0.36773148,-0.85959387,-0.801368,-0.37557754,-2.0923262,-0.68333864,-1.886908
0.31983373,0.8273785,0.52286196,0.06349866,-0.9766529,-2.2955635,-0.6352569,-1.0641036,-2.4803298,0.7048679,1.030492,-0.23623823,0.49481097,-0.8183088,3.8564487,1.7967548,-2.0362055,-0.017772932,-1.5961803,-0.13122699,-2.685015,-0.18386415,-0.49223182,-1.6247534,-2.2907739,0.8347768,2.215401,0.16450036,-0.58405364,-0.9443337,-0.7825366,0.00969853,0.11357905,-0.046198484,0.6793172,1.7662121,-4.549206,-0.27315086,-0.635152,0.11934511,-1.8057343,0.18903916,-0.18371801,2.6265838,0.43290007,0.7246343,-0.3036572,-8.941413,-2.0560875
-0.41555738,0.65939254,1.4503618,-0.16130346,-0.05746348,-0.5327941,0.3329795,-0.2642756,0.43815532,-0.33065078,1.0737444,-0.06140749,1.4609596,-0.22265476,-0.5503913,-1.3306862,-0.30551717,0.12164106,-0.18303373,-0.14132686,1.2919933,-2.509263,-0.048543766,0.41465214,0.02275768,-0.7046162,1.4404277,-0.10260682,0.007921273,-8.187372,0.5534052,-2.048138,0.56063896,-0.5687147,0.40235528,-6.4623575,-0.22559829,1.0836864,-3.10385,1.3818067,-0.36634156,0.28745213,-1.207272,9.357038,0.544595,0.09359003,-0.30702993,2.3202705,0.41169578
-0.019112373,-3.2122548,-1.5910296,-0.3077894,0.046465486,0.640209,-0.34770873,-1.7399471,1.514541,0.7081746,-0.62835675,0.06766214,0.6491173,2.8673303,0.05902312,-0.30474553,-1.8512013,0.3105931,-2.1645167,-0.9220896,-1.7164412,0.24733937,-0.30368617,-1.3768561,0.38572842,-1.0552857,0.6146585,0.49735495,0.8597117,1.6665626,-0.7632768,0.8962217,0.77589536,-0.02085289,-0.2080142,-2.677175,1.2385912,-0.8400045,-2.7199166,-0.7140847,-1.1930639,-0.8564478,0.30923113,2.4123118,-0.012614358,0.32951596,2.0277658,1.2866515,-1.2522616
0.2817942,1.4992175,-0.08586989,-0.22043851,-0.6002757,-0.58926016,-3.5157585,-1.4654727,-0.24978672,0.5377863,-3.0173743,-0.0838845,-2.4778807,-1.9063843,-2.1918218,1.7688472,1.196523,-0.07093679,0.9908853,0.24287698,-0.7944758,0.7528919,-1.7992823,-0.42823946,-0.5312005,-0.39398414,0.11280505,1.0218312,0.8159127,-8.070552,0.31630126,-1.2796769,0.40073228,0.3749518,-0.34785432,0.20932287,0.020636387,-0.7992815,0.3052923,-0.19729017,-0.47704387,-0.6285277,1.9578673,7.723393,0.4705244,0.020740537,1.237165,-0.9358284,0.64921075
0.0044202283,0.0328279,-0.030816773,-0.015378775,-0.17155784,-0.21531267,-0.04489823,0.054960188,0.009881396,0.028453276,0.08916227,-0.77032876,0.42344123,-0.35261324,-0.3993956,-0.5893655,0.013656677,-0.44217035,0.0038012164,-0.20807554,-0.1197486,-0.036742877,0.05973974,0.019504605,-0.072457984,0.19014122,-0.033390623,0.022981916,0.05400253,-0.14094394,-0.12674817,-0.011007024,-0.14500986,0.024782235,0.67781395,0.037226513,0.03060791,0.0068576527,0.055273313,-0.0009641988,-0.30110663,-0.07482184,-0.020605456,-0.017000187,6.315832,0.11261329,0.030326344,-0.08649653,0.02756494
-2.8883202,0.32793945,0.24961393,0.0065313666,-0.17523514,0.9511338,-2.9725885,1.0944794,0.31868,0.61809385,-1.4276464,0.016602706,0.46425572,1.1993039,1.732699,2.4727163,-1.4254637,0.14821227,0.3341164,-0.53464127,-3.621807,0.41720453,-0.8541411,0.028881973,1.2818646,0.027450873,1.152811,1.2318759,-0.524305,-1.1514665,-0.19221303,0.3775799,0.53944796,-1.1435628,0.2436062,-0.5522553,-2.9191816,1.6474103,-0.7906576,-4.016865,-1.2002772,-1.3035083,0.21427193,0.102022104,-0.107088946,-0.85173744,1.1172909,1.4858315,-0.036617197
2.094356,2.2848651,0.69558847,0.118472286,1.2271537,2.5802183,0.52336055,-6.381083,-2.4782047,1.2342092,0.31481346,0.11689516,-3.7261038,-1.3671715,2.243936,4.4479346,-0.46801603,-0.032529633,-0.37004545,0.13078494,-10.215784,-7.829058,-4.861974,-4.043617,-0.59678125,0.10495222,4.71781,-7.5996084,0.860879,-11.1900215,3.664143,0.12982304,1.306322,0.31358793,-1.3326899,1.380833,1.8968897,-1.9061853,1.3671689,1.4203467,-0.9717913,-0.3336176,-1.269454,20.748913,0.09536197,0.25604907,-0.69896424,-2.792672,-8.440229
0.44730935,1.1978197,-0.2198763,-0.0233644,-0.1286759,1.5196778,0.0078055575,2.469421,0.6703662,-0.13797088,-1.3019228,-0.03156216,0.35041907,1.2337297,-0.5552942,0.00935529,-0.92946154,-0.01899895,-0.9694808,-0.25073543,1.0327314,0.870519,-0.19546334,0.51550996,0.46415547,-2.554231,-3.2503228,-0.623481,-0.70311934,-0.10003287,-0.35805607,-0.053214315,1.0393192,-7.8284864,-3.4903145,-0.50099313,0.4381665,-1.5648793,-0.68473166,-0.98794067,-0.23926777,-0.12809369,-0.5439385,-6.2476006,-0.43650022,-1.0529914,-0.9681776,1.6424301,0.20231137
-1.0064659,-0.41026264,-2.3117025,0.11265526,-0.5113352,0.023517003,0.37140805,-4.106643,-2.7528396,0.80768657,-1.5688746,-0.18475582,-2.1554472,-0.8284089,-2.9986107,-0.3976562,-2.7334409,-0.015433339,0.74229085,-0.085778706,-0.76866066,-0.15222682,-8.485408,-3.3520148,-3.9789329,-3.6443841,0.37386405,-0.89180803,0.37859026,0.7975986,0.4665286,0.80186856,3.1267297,-2.4224842,-0.3347188,-6.613996,-0.15436609,0.533626,2.0389094,0.28152335,-1.4303881,-0.201225,-0.3478235,2.0717585,1.0138719,-3.898108,-1.5787735,-0.4930769,-0.9479557
-0.14357741,1.1932088,0.8283467,-0.27780268,0.24477583,-0.050292943,-0.1925797,3.6333652,-0.30358255,1.3799648,-1.2212312,-0.13084011,-0.55166805,1.6147225,-4.3995667,0.77813554,0.05880988,0.2387834,-0.51269543,-0.55757886,0.85519177,-0.3806439,-0.1828133,1.6733774,0.06042593,0.58230877,1.6561061,-0.5592504,-0.56161565,-1.3302797,1.3289511,-0.35600173,-0.35747033,-0.2192878,0.38183123,-2.7098656,-1.9327139,-2.1091018,-0.45652223,0.35829785,-2.289697,1.1977432,0.4743098,6.160286,-0.3892857,0.60314375,-0.63766664,-0.6869233,-0.3694233
0.15174228,0.027837848,0.6611145,-0.033939157,-0.18870111,1.4334896,0.75059444,4.641979,0.9636674,1.5345279,1.5495598,-0.24965759,3.892317,-0.9394084,0.026558258,2.2620988,-2.692865,-0.026205946,0.02034429,1.1298499,-2.3951256,6.572636,-12.232454,4.138006,-0.75127876,-0.3289357,-2.8936224,-0.6730193,2.0103755,0.75169104,0.03498777,-8.780754,-0.021793913,0.9248416,1.3587091,1.7669344,-3.3043458,3.0208309,-1.3487448,2.183583,-9.700396,-4.360725,1.6989304,2.39362,0.247334,-3.1649332,-0.7477235,-1.9364145,0.69792473
-1.9762418,0.6830888,3.8832724,0.40773132,-0.040966865,-1.3802435,1.521511,4.620767,1.5411284,0.29142007,1.7561629,-0.22138768,1.5896888,1.4187696,-3.0442133,1.8241746,-1.4890902,-0.18043177,-4.3053575,0.19564095,-1.0011435,-0.9587534,0.66347694,-0.512599,0.3646191,0.36086422,3.176478,-11.422048,-0.47748786,0.36223862,-3.0113432,-1.9139391,1.3850242,-0.59110546,-1.4636354,1.7063069,-0.13749713,1.377227,-6.8479576,-1.078685,-3.5193675,-5.6656117,1.2047347,-5.700948,0.56115943,-0.34121603,-3.14407,1.9974227,2.1243787
-2.4674103,-1.0486838,-0.32333338,-0.4812735,-0.84338474,0.3787472,-3.1292303,2.5973346,-0.96368,-0.5275864,2.014507,-0.36858928,-0.35086375,-0.73299146,-2.171668,-0.89332867,0.3708361,0.3320981,-1.5678681,-0.37809828,0.83117217,-3.4604506,-0.32396913,1.688321,0.5531133,-0.68679124,3.5660005,-0.8447407,1.2807513,-5.154874,0.52436894,0.8177795,-1.5542674,-1.1869417,-0.061630934,-0.5128786,0.5948851,-0.059022237,-9.389788,5.994448,-1.0464447,1.71733,0.0035712244,0.9856179,0.63066006,-0.42566895,-0.35334158,0.18651442,0.64551085
0.9943305,-3.2262237,-2.685303,0.09370627,-0.9441327,2.9130716,1.563505,3.0992131,-0.446319,-5.1082983,3.991115,-0.38610762,-3.108271,-4.1169753,2.2990716,-4.792037,-0.60193914,0.078871384,-0.8525302,-0.24145737,0.09096256,0.57247525,-12.746951,-6.3661094,0.6935065,-0.11278497,-0.7300924,-1.9074165,0.806534,-2.286692,-1.0595323,-3.5243988,-0.35805926,-4.6711154,-0.07009659,0.6008129,-0.36287618,3.8663967,0.33503038,-0.14492361,-2.1563838,-0.34176093,-0.90801966,3.4735992,0.8869231,-0.7389298,0.5831998,1.2810975,-4.941115
-0.22378723,0.2117612,0.028763667,0.09464091,-0.22800697,0.53193396,0.15277159,0.10244871,0.058137137,-0.050586462,0.02657718,0.24688701,0.5244302,1.078204,0.16659969,-0.63196546,-0.031436563,0.37085438,-0.08336844,-0.43457443,-0.015125651,-0.08153715,-0.068292245,0.0140886875,0.13373756,-0.24007908,-0.11170912,0.015271843,-0.08567193,-0.18577887,0.038602833,0.062443588,0.047647823,-0.47423044,-0.33667263,0.18528722,-0.17051141,-0.038786005,-0.14799842,-0.08021451,0.011098679,-0.078358114,0.3116084,-0.13917781,-2.9839091,-0.03519824,0.039495844,0.097357884,-0.017579356
-0.51164806,0.18405943,-1.0139909,0.011247358,-0.13371165,1.0168494,0.1725138,1.5068632,-3.5462313,-0.45959345,-0.7539627,0.07073539,1.2798791,-1.5141126,-1.888567,-0.20997894,-0.08121139,0.09679947,0.118234046,-0.39497775,0.032250986,2.224661,0.25389075,2.762724,-0.61226404,-1.6982133,1.8351843,1.3613404,-0.23594834,0.28377756,-0.3420226,0.029393403,0.02084532,-2.426637,0.2250497,0.26409847,0.08310326,0.49543622,-6.3754673,-0.61984116,-1.282119,0.8707728,-1.2088239,-1.3234309,0.097964585,-0.4847524,0.07611512,-0.1184891,-1.4764336
-0.39838985,-0.44249207,0.9148638,-0.04268934,-0.2569601,1.1388749,-0.45716244,-1.6547164,0.82147527,-0.57188797,-0.69095385,0.054251958,0.40955618,0.20187365,0.09874132,-0.72337633,0.62605727,0.15882735,0.41910505,-0.4849542,-0.28314844,-0.31540194,-0.34562626,0.8993252,-0.04900156,0.24352716,1.4104406,-0.66103685,-0.39290276,-0.2915021,0.8488618,-1.5890366,-0.458609,0.047327828,-2.4471552,0.1644072,-0.15077916,-2.379097,-0.54270685,-3.072956,-0.7430812,-0.2356147,-0.70569104,1.7560844,-0.2742227,-0.18295456,-0.48936164,-2.8963976,-0.082991235
-0.17405295,0.2976887,0.5328142,-0.12221022,1.4290246,-0.10232923,0.19740905,0.47843805,0.35310283,0.018456062,0.5849855,-0.26088792,0.08568307,-0.44306698,0.22094288,0.33571813,0.0786426,9.907014,0.027093638,-0.73101455,0.1745474,-2.3994157,-0.51611936,-0.011321641,0.3258473,-0.50391734,-0.2779131,0.025578031,-2.6891549,0.050785337,0.07283229,-0.5217864,-0.6903189,-0.48280367,0.14255534,-0.3733595,0.27848557,-0.08371946,0.23900735,-0.18432276,0.1927073,0.0281975,-0.0062265494,-0.084513605,0.87033117,-0.17871307,-1.641737,0.07617651,-1.0486854
0.11342933,-1.5295142,0.22736637,0.042642076,-0.07338891,-0.22837587,-2.2977128,-1.454905,0.039000124,-0.10447908,-0.9011777,0.03552322,-0.44865552,-1.4645786,1.2318662,-1.1813252,-0.72904307,-0.27590865,-0.87304413,-0.26494408,0.21755175,-0.49210057,0.15372452,-0.19182843,-0.123476855,0.4046493,0.29143882,0.9257491,-0.063351646,-1.1196855,-0.81732833,1.2337055,-0.094983496,0.43142462,0.14403456,0.24327357,-0.27337182,-1.0298864,-0.4550427,-0.7615226,-2.3006094,0.46896112,0.3387721,-0.40690404,0.21841484,0.8124137,1.5628643,1.0346106,0.04290472
0.04319663,0.19716428,0.63739705,0.069771,0.19853221,1.9408163,-0.36127508,-0.7322542,-0.75383437,0.5339693,0.39446276,-0.03210965,1.7466646,1.3915012,-0.8681862,-0.23894766,1.3465418,-0.2971694,-0.34733358,0.49381492,-0.050637852,-0.15580817,0.36178124,1.031591,-1.2976247,-2.5579891,3.2485,0.052477617,-0.6157858,-0.8268585,-1.1433644,0.6860664,1.0001658,-0.17288066,-1.6395742,0.49848002,-0.71817195,-0.022110205,-1.437538,-2.6103556,-0.3018581,-0.043883633,-0.92515993,-1.5037614,-0.062368423,-1.4450399,0.58586395,0.80649126,0.5463965
1.1464639,-0.31605136,0.14909668,0.09268275,0.04857591,-0.4948615,-0.6612156,6.387638,-0.49619836,-1.839429,0.20921122,-0.038766872,0.079776414,1.3112451,-0.16963083,1.9218593,-2.5954735,0.109162636,0.3537544,0.6475023,-1.0321487,-0.96599656,-0.30312252,0.0153704705,1.0772978,-1.4168028,-0.24464354,-1.1812823,-0.5157729,0.48187762,0.66241866,-11.343365,0.064465836,-1.4351058,0.79705423,0.974459,-0.9705918,-0.036228474,-0.69650024,1.0263846,-0.72822297,-0.21226265,-3.1018727,-1.6859564,0.39881307,-2.1634939,-2.0713854,-1.0316978,-1.5290099
0.19717076,2.7052517,2.7305717,-0.17153534,-0.7113171,1.4025047,-0.72682923,1.890216,0.745805,-3.1987114,-3.3655376,-0.2554424,0.4018606,-8.053772,-3.659905,1.3772131,-6.261304,0.039722644,-2.698317,-0.18814614,0.92997044,-2.1766934,-2.976239,-0.36451992,3.077157,-0.5603839,-0.7295054,0.08821193,-2.6752825,-0.15839948,-0.564737,0.30360916,0.6502796,-9.813572,-4.634354,1.6863462,0.80162036,-3.5771642,2.2364142,-1.3272623,-3.1096652,2.2113512,-0.4136118,-1.5690936,1.0220238,-0.2863865,-0.89715767,-0.80345654,1.676337
0.75901926,-0.80990887,1.0279621,-0.03958374,-0.08394937,-3.886756,0.14473854,-3.9260278,-1.1307188,1.5742518,-0.17817613,-0.17347018,-1.5127494,-1.761868,-1.2778598,0.75999695,1.0160192,0.14955816,-0.2819276,0.6814202,1.2619975,-1.3641281,-0.5931067,4.7912993,-1.2254528,0.069947556,2.5263898,-1.2539184,-0.42577535,-0.318167,0.33852613,1.2253827,-0.46550995,-1.6251432,0.75664264,1.7489053,0.14258777,-0.533018,-0.81233567,-2.9016814,-5.316435,0.23408537,-0.027835606,-2.2477465,0.06828876,-0.7977211,0.3039066,0.62369496,2.2397938
1.2006106,-0.12380019,-0.3030611,-0.3359328,0.0072061843,-4.1621656,1.7783362,7.1177716,0.5752686,1.4195963,3.4067035,-0.08796135,3.191181,-0.09996119,-3.6027925,-0.3784012,-2.8250222,0.45926538,-2.1545012,0.6585999,-0.22178243,1.5417477,0.4798302,1.0273088,-0.90802586,-0.8251936,-0.77254367,1.1625466,-0.45224345,-0.115898155,1.0986764,-1.0868722,-3.3132067,-4.796195,-0.4399307,-1.6613317,1.4600203,-0.87489885,-4.5241423,0.8218233,-1.9644666,0.37117025,1.7206405,-11.278411,0.7267033,-2.093249,0.36364293,-3.924144,1.3325201
1.4459538,0.86020523,0.5763986,-0.4166274,-0.8466387,-0.029413719,-1.4927006,-6.7627416,-1.3698342,0.5236701,0.6760593,-0.3453386,0.5577707,-1.1789246,-0.3380276,1.4178245,0.7193917,0.34835628,0.16702797,1.1289556,-3.6398456,-4.733982,-5.562855,-0.15807423,-0.89403605,0.07979606,1.3495963,-2.3037095,0.40816858,0.3678417,-0.5607274,-5.0779867,-0.27456918,0.13792926,-2.165815,2.9739308,-5.016392,0.5025909,-1.5412959,0.1636138,-2.2881508,-0.29274186,-0.01506527,3.2545774,0.5863528,0.62251776,0.13157137,-0.064874195,-0.086996965
1.3098065,1.2736139,-0.33883095,0.062055223,-0.2677454,-2.446751,-2.5387542,0.05519182,-1.6686116,1.3266883,2.4364903,0.028392881,2.7970543,-4.0942225,2.7150288,-0.25134316,-2.42036,-0.13704838,-0.7130272,-2.3214417,1.031758,0.4974421,-2.817372,1.3260216,-4.962983,1.0606959,3.3985844,2.0578346,-0.82291913,-1.1209954,1.5855974,0.005573107,-0.36610124,-0.035296936,-2.497157,-1.4874421,-0.9159685,0.8336784,0.5517935,1.2511384,-0.52033126,0.44777623,0.58735406,-1.2491589,-0.09081492,-0.6182985,-0.9404621,-1.6050733,-2.3473213
-0.98515755,-0.21119201,-4.1224465,0.14993793,0.07001631,1.8046569,0.038266327,10.344206,0.21737511,1.1886282,0.9998892,0.22141726,4.0594997,-1.0563383,-0.037964392,-5.156388,-0.26155153,-0.5359976,0.09208087,0.8186552,0.19594146,-1.2001224,-0.73118407,0.94392806,0.697625,0.65570635,0.7140297,-0.55223507,0.2867397,0.07250322,-0.10444892,-1.3673118,1.3385193,-4.9415426,0.83823246,0.79824525,0.66235703,-1.7131646,0.05737815,-0.75230026,-0.97730047,-2.6044557,-0.5947613,-1.5918142,-0.51612437,-2.1402442,-4.1905565,-1.2827227,1.070855
0.11295506,-1.3304302,1.3205128,-0.15352243,0.40296164,-1.4953858,0.2765279,-2.8643548,-1.2291352,0.3205029,0.6365434,-0.09896709,0.045028917,-0.35106716,-3.93827,-6.352652,-0.19593298,0.7131967,0.725328,1.2773476,0.42894128,-8.629123,0.843883,0.23568535,0.2596602,0.70255154,2.4230485,-0.6867709,-0.6587073,-0.44565707,-0.89234835,0.057932023,2.6478786,-10.099691,0.24215461,-0.62417734,0.010399782,1.2181164,0.3666439,0.12782903,-2.6426578,-1.0217388,-1.0172737,-2.3916519,0.8110076,0.23313743,0.1352424,0.24478617,1.6832155
1.3678384,0.36873442,4.651066,0.05834726,-0.026353378,0.99605167,0.26557374,-3.8864555,3.0208673,-2.0043736,1.9230705,0.11412364,-0.26368845,-0.7707833,0.19369075,2.0153005,-1.0248365,-0.08102236,-0.39496717,-0.18130337,1.0401144,-1.95955,2.4507713,-2.460516,1.5706381,0.13369572,1.6848462,0.088830024,0.60697913,0.35916433,0.7147378,-1.4584162,-2.7448807,-1.9055041,-1.2784631,-0.17576233,3.2946043,-0.011356723,-4.191973,-0.57196486,0.66463464,-1.0619617,-0.100881785,-0.21932054,0.5491849,-3.2655838,-2.5384393,0.8796059,2.8300369
0.3161796,-0.07635587,-0.67354804,0.24757147,-4.7085075,-0.10506428,-0.117501274,-1.5889719,1.535981,0.43410742,-0.24564767,-0.4639376,0.40994087,-0.23639914,0.08382546,0.07947949,-0.17290173,-0.19494173,-0.9935106,0.1684134,-0.24960014,1.0690471,-1.1277738,0.9030207,-0.11193516,0.11546855,-0.28640404,0.010050649,0.3239416,0.21993138,0.07541966,-1.2682983,0.22812162,-0.13343638,-0.74327457,-1.0464796,-0.46709865,0.45182633,0.50646335,-0.380711,-0.033796784,-0.8501132,0.07996376,0.5115405,1.2481512,0.34246248,-0.13458633,-0.13467544,-1.2577741
-0.6840391,1.9493046,1.4957968,0.37554395,0.44355723,-0.15572698,0.31761774,-4.933094,-1.6349044,1.9370604,-0.8458838,0.49504012,2.807139,-1.2721204,-10.033024,2.801694,0.4237346,-0.490724,-1.1373357,-1.576325,-5.0077996,1.9159645,-3.6243162,-2.1872444,-0.62423664,-0.05300575,2.37096,0.88033044,-4.105535,-1.2423532,0.39288193,1.168658,1.733041,0.8051489,-6.309568,1.3521603,0.65141344,-0.12132977,0.56002975,0.36655825,-0.2045269,-1.321327,1.9277496,5.0036287,-0.0696402,-0.51078975,0.9467105,-0.8266283,-0.29222488
0.33075997,-0.10940615,0.86102134,0.106488265,-0.13197231,-0.24942015,-0.049807485,-0.5975487,-0.048733786,0.24238122,-0.64428246,0.18316676,0.7550481,0.6963903,0.434165,2.594688,-0.5984441,-0.26696298,-2.1421344,-0.14159599,0.48759124,0.74604255,0.16854322,-0.2800644,-0.44493285,-0.9269173,0.29914397,0.3508804,0.5919167,0.19720225,-0.056870066,-0.28473076,0.5277211,-2.5387056,-1.5174963,0.38470492,-0.38644326,0.7928614,-0.53201985,0.42144167,1.1161238,0.411948,-0.12763403,0.79297173,-0.5200261,0.45488232,-1.0236149,-0.08618031,1.026144
0.40091184,-0.15769114,0.040962283,-0.012844659,-0.04064774,-1.95816,-0.12303071,-1.4492933,-1.0517247,-0.13546436,1.3609246,-0.17254281,1.5924531,-0.36737558,0.69662666,0.8583517,-0.73308635,-0.09993687,0.00077704916,-0.068157226,-0.48739123,-1.2786998,0.73209107,0.22886789,-7.7343965,-2.2089968,-1.7600939,0.78427756,0.6156388,-0.8266551,0.3346694,-2.5679073,0.085502736,-0.40081176,-0.36188093,-0.8532866,0.43869662,0.0467501,-1.1432365,-3.025892,-0.06185286,-0.15385914,0.9866764,-3.165226,0.5070535,0.5727824,-0.15871327,-3.479703,-0.543378
-0.92121136,-0.9997289,1.4743937,0.43523023,-0.3547143,-1.0569,0.28673917,1.5710176,0.5725014,0.30031556,1.2004305,-0.060568854,2.9878614,-0.51630926,-1.8975796,-0.8308881,-4.71259,-0.4943351,-1.3443412,0.54555196,-1.5005851,0.8754688,-0.6082728,0.3087152,-0.047639597,-0.6256336,-1.0045818,-0.99380696,0.7556918,0.9287941,-0.40236962,-0.17952192,-4.2519174,-0.0034852528,-5.9958067,-2.4612422,-2.5032492,-2.186872,0.04500479,-0.013869491,0.047557626,-0.94591874,1.1962551,2.3336756,0.8823511,1.4022971,0.76880074,1.1027118,1.0397575
-1.0914792,2.2106912,-0.7718324,-0.014997456,0.0113949245,0.7573591,-0.06336098,2.426102,-0.44253373,0.2626378,-1.851414,0.08103423,-0.57828134,-2.4511058,0.30123952,0.3659504,0.26846522,-0.19032028,-0.041811056,-1.2730076,0.46049836,-1.8058035,-0.93208367,-0.11513742,0.51310927,-0.73681194,-0.44815603,0.25213155,-6.502955,-0.6199641,-0.411225,-0.3637385,-2.7379644,-1.5933473,0.95426893,-1.469221,0.18138583,-0.07800589,0.060607705,0.79852456,1.0848272,-1.8514472,0.91233075,0.41486478,-0.45293456,-1.3510838,-4.7856193,0.57741207,-1.3589954
-6.868438,1.6079018,-2.9337506,-0.060212314,-0.076101474,-1.8177034,-1.0335602,1.2795707,-0.17657848,-1.501941,-5.5330973,-0.08701971,-4.5501103,-0.04997247,0.9787343,-1.3713616,-8.860874,0.0700984,0.67784286,0.08389116,0.5559623,-6.4455853,2.530774,3.9516485,-7.6876073,0.39076558,3.0904813,1.5590922,1.9395478,-2.892289,-1.6784232,-1.7184831,1.9623401,-3.0119793,1.2705489,0.9655898,1.4253308,2.2081876,-0.19061773,-0.38141674,-1.037931,-0.9187105,-2.8609657,0.17897442,-0.046334464,-0.125885,-0.6192003,-4.324242,-1.5913023
1.0808083,1.8391607,-2.7576635,0.117639266,-0.18956576,-0.38334244,0.5665604,4.964557,-1.3158462,0.7668048,-5.896011,-0.055080395,1.173518,-0.5857212,-5.1854863,0.49079752,-3.217317,-0.19415283,-0.15602449,1.9864999,0.8141514,-0.8167729,-0.22323616,1.9289104,2.3369884,0.045879483,3.5943515,-6.190068,-0.029799351,0.18928778,-0.44893524,-0.4712358,-0.37990788,-3.6067874,-2.5159905,0.2816176,0.66849047,0.6598735,-6.658446,-0.35057637,-3.8634984,-0.23751035,0.9839307,-1.415541,1.2078714,-1.1959699,-0.42130232,-3.1729865,1.333017
2.523017,-1.7367398,0.43776953,0.019043066,-0.08072657,-0.010233562,0.40577745,6.641215,-2.2365296,1.4806591,6.4261193,-0.13503985,2.3271348,-3.638079,-1.14765,0.6784544,-10.703642,0.0260583,0.1855932,-2.1657314,1.8148674,2.6724246,0.89244974,-0.23795234,-1.4460268,-0.29945076,-0.34113094,2.4841614,-0.046652704,0.12410665,-0.9863222,-11.995287,-0.036293,-0.21646956,1.53915,0.5060979,-4.220522,2.1376157,-1.6583257,-0.72889936,0.72204286,-3.129686,-0.444794,-10.083597,-0.121120505,-1.3810105,-2.8315144,-0.40302417,-1.0635067
0.22276679,-0.6497299,-0.9740921,-0.034307353,-0.16667928,0.06719468,0.268309,5.256401,-0.19383477,0.0537345,1.235556,-0.054925814,-2.5358932,-1.398741,-0.36944613,0.06600598,-1.293908,-0.30244663,0.028692383,0.22714013,0.061258078,-2.3400192,0.21535577,-1.1533114,0.12827885,-0.21356435,0.16510588,-0.9046292,1.453641,0.9000109,0.24284378,-0.784591,0.9016727,-1.5449843,-0.23899344,1.1476641,-1.1012536,-0.17873445,-0.31038508,-0.21927135,0.77591205,0.6528976,0.058533028,-0.77747446,-0.32375148,-2.1021922,-0.8148661,0.74304,0.06759204
-1.5667062,-2.5198333,-3.0997772,-0.14562866,0.0027431974,-2.5709007,-0.5285354,-0.65102607,-0.9704574,-2.9557936,-3.6436145,-0.088888876,0.068529986,-2.043059,-2.585482,1.1197441,-0.20093471,0.21851999,0.1610519,-1.7112223,0.37207338,1.3177176,-1.2951729,-2.9448655,-0.70475197,0.9386254,-4.0771523,0.20554347,0.94363356,-0.72331715,-1.7576683,2.8585503,0.6149818,0.16774529,-0.019123219,1.9426819,1.0800138,-0.3943081,-10.405779,-0.14016473,-0.093514904,-5.340722,0.7151612,-2.3759735,-0.6229058,1.7738657,0.8204608,-4.02107,1.4218866
0.32770464,0.672053,0.44047332,-0.25645664,0.04494716,-0.37883887,0.8692789,3.498871,-4.0753098,-3.453602,-1.8694029,-0.018289555,0.9931006,-0.86131334,1.0848325,-0.2790427,-10.132594,0.30714,-0.20456663,-0.38974747,0.25735226,-0.22758777,-1.4401909,0.45396665,-0.27274093,-4.0017247,3.9329429,-1.2353953,-0.9169573,-3.065232,-0.41933212,-0.099976994,0.25355116,-0.6868558,-3.4473042,1.0693077,0.56048286,-3.2837381,-0.91509867,-1.2532849,0.96371865,0.91280085,0.08227073,-3.493017,-0.050632082,0.032954272,-0.45443723,-0.44589588,-2.5090594
0.22774386,1.0745418,0.14622995,0.48921287,-2.3401268,0.4235414,-1.1939232,-0.42615122,0.2472328,-0.03412921,-0.27522963,-0.9364012,0.31362283,0.5811737,0.35157606,0.6573638,0.004699612,-5.5071507,0.13622902,0.12671423,-0.27549616,-0.12221027,-0.3475392,-0.6534899,0.16049524,-0.13580145,1.0056608,0.17030163,-0.19136956,-0.95373964,0.68446046,0.33713967,-0.20796618,-0.057205193,-0.40298656,-0.29989833,-0.28583303,-1.4699432,-0.32946637,-0.06645146,0.29993638,-0.022138767,0.4142273,0.87196577,5.6470275,0.009234987,-0.05165984,-0.2538418,0.20555033
-1.1294428,-0.6299033,-0.37160182,-0.14732538,-0.38484216,-0.55714065,0.30774644,1.5956231,1.2085458,-0.16000883,1.423111,0.019337581,-0.5548323,-0.813451,1.0307326,1.2132399,1.8371203,-0.033461925,-4.122539,-0.09835999,0.9460565,-0.49651164,-0.7665233,0.77686685,2.2184885,-0.7973073,1.5563241,-0.93815255,-1.0315331,-2.2527707,-1.5564152,-2.1271572,2.1160457,-1.0188279,-0.9441824,-1.3677984,-1.8519689,-0.848021,-1.2463073,-5.1163077,1.66906,-0.086684264,0.95021814,0.52524924,-0.13892457,0.0051588067,-0.6465247,0.042889465,1.7307279
0.8050093,-0.26287103,0.86923724,0.5581616,-0.110711545,0.7465107,-0.32884607,0.6219979,0.31416488,-1.4252309,0.7210739,-0.13115397,1.2284228,-0.49702644,0.22168794,-0.7231663,-0.8817002,-0.18870907,0.8793737,1.2363907,-0.92083526,-0.76629657,1.6450549,0.18974961,-1.4066228,-1.4627918,-0.22242011,-4.913552,0.5394577,0.44605958,0.58874464,0.37240067,0.122629546,-1.7752066,-0.40346175,-0.6195201,0.4079586,-0.78412926,-8.419005,0.5692616,-1.758877,1.335177,0.12490937,0.3431733,0.8160294,-1.7049124,1.0089893,0.39082447,0.87734455
-5.015782,-1.9314435,-0.29649636,-0.031512354,-0.24387442,1.2120651,0.25547752,4.0321727,1.3734047,-0.839826,3.3166559,-0.34687126,-3.6109262,-5.296577,0.38335004,-0.6208342,-1.3384075,-0.07227009,0.52543664,1.9388167,2.8662865,-3.1828156,-0.007854683,-0.8440703,2.3365011,-1.4055613,-0.82358646,2.4681008,1.4026066,-1.9472752,-1.1046655,-4.05711,-1.4798046,-0.3389434,0.6819733,-1.2444769,-2.0870755,-1.6719458,-4.1312037,-5.8362336,-1.637879,0.12541987,0.46320632,1.1843507,0.04129542,-1.998492,-4.4320345,0.6663656,0.7028948
-1.0156441,0.11071574,-1.6218575,0.017332908,-0.3462715,-4.777443,-3.1868458,10.034492,-1.6583903,1.8291391,0.097729795,0.06306928,4.8168883,-1.8404486,0.96159655,0.67943174,-0.45375365,-0.024089137,0.50503707,-0.22032072,-0.5345335,5.457975,2.099502,-4.91513,-0.9289739,0.05921064,3.1883066,-2.5376608,-1.3094717,-0.81318814,-0.44810542,-4.653247,-0.9446102,-0.021805555,0.024548326,-0.047200914,-7.5747437,-2.692123,-3.7300627,2.3556726,0.33978453,-0.79609865,-1.2550105,-1.517904,0.05632365,-3.1790802,-0.075654544,-10.924961,1.4563214
-0.31687286,-5.92857,-0.68902713,-0.43990034,-0.24671076,-0.8012063,-0.6040585,9.124765,1.4028268,-6.5890665,-1.6888157,-0.1305906,-7.452951,-0.17308123,11.109048,-3.5205088,3.1291404,0.009931437,-3.9427085,0.21479625,1.2070688,3.3652189,-0.02871684,-2.8164139,-3.6717849,0.8880617,-3.6008599,0.93705827,0.62004125,-6.50928,-15.5094385,-1.4586942,0.915914,-0.044921592,1.1950413,0.27627346,-1.2709284,-2.7385833,0.55049413,-2.0460258,-5.1683273,-4.377451,1.5977604,7.189192,0.045642205,0.07041851,-0.09827754,-3.422676,1.3801576
